BragaNorte Jogador 1	1	Guarda-redes	70	1.71	Direito	1995-01-01	Portugal	Braga	Braga Norte	Liga Configuracao 2026	Sem grupo	Titular	0	0	0	0	0	58	60	64	true
BragaNorte Jogador 2	2	Defesa	71	1.72	Direito	1996-02-02	Portugal	Braga	Braga Norte	Liga Configuracao 2026	Sem grupo	Titular	0	0	0	0	0	61	65	68	true
BragaNorte Jogador 3	3	Defesa	72	1.73	Esquerdo	1997-03-03	Portugal	Braga	Braga Norte	Liga Configuracao 2026	Sem grupo	Titular	0	0	0	0	0	64	70	72	true
BragaNorte Jogador 4	4	Defesa	73	1.74	Direito	1998-04-04	Portugal	Braga	Braga Norte	Liga Configuracao 2026	Sem grupo	Titular	0	0	0	0	0	67	75	76	true
BragaNorte Jogador 5	5	Defesa	74	1.75	Direito	1999-05-05	Portugal	Braga	Braga Norte	Liga Configuracao 2026	Sem grupo	Titular	0	0	0	0	0	70	80	80	true
BragaNorte Jogador 6	6	Medio	75	1.76	Esquerdo	2000-06-06	Portugal	Braga	Braga Norte	Liga Configuracao 2026	Sem grupo	Titular	0	0	0	0	0	73	85	84	true
BragaNorte Jogador 7	7	Medio	76	1.77	Direito	2001-07-07	Portugal	Braga	Braga Norte	Liga Configuracao 2026	Sem grupo	Titular	0	0	0	1	0	76	55	88	true
BragaNorte Jogador 8	8	Medio	77	1.78	Direito	1993-08-08	Portugal	Braga	Braga Norte	Liga Configuracao 2026	Sem grupo	Titular	0	0	0	0	0	79	60	62	true
BragaNorte Jogador 9	9	Avancado	78	1.79	Esquerdo	1994-09-09	Portugal	Braga	Braga Norte	Liga Configuracao 2026	Sem grupo	Titular	0	0	0	0	0	82	65	66	true
BragaNorte Jogador 10	10	Avancado	79	1.8	Direito	1995-10-10	Portugal	Braga	Braga Norte	Liga Configuracao 2026	Sem grupo	Titular	0	0	0	0	0	85	70	70	true
BragaNorte Jogador 11	11	Avancado	80	1.81	Direito	1996-11-11	Portugal	Braga	Braga Norte	Liga Configuracao 2026	Sem grupo	Titular	0	0	0	0	0	88	75	74	true
BragaNorte Jogador 12	12	Defesa	81	1.82	Esquerdo	1997-12-12	Portugal	Braga	Braga Norte	Liga Configuracao 2026	Sem grupo	Suplente	0	0	0	0	0	56	80	78	true
BragaNorte Jogador 13	13	Medio	82	1.83	Direito	1998-01-13	Portugal	Braga	Braga Norte	Liga Configuracao 2026	Sem grupo	Suplente	0	0	0	0	0	59	85	82	true
BragaNorte Jogador 14	14	Avancado	83	1.84	Direito	1999-02-14	Portugal	Braga	Braga Norte	Liga Configuracao 2026	Sem grupo	Suplente	0	0	0	1	0	62	55	86	true
BragaNorte Jogador 15	15	Defesa	84	1.85	Esquerdo	2000-03-15	Portugal	Braga	Braga Norte	Liga Configuracao 2026	Sem grupo	Suplente	0	0	0	0	0	65	60	60	true
BragaNorte Jogador 16	16	Medio	85	1.86	Direito	2001-04-16	Portugal	Braga	Braga Norte	Liga Configuracao 2026	Sem grupo	Suplente	0	0	0	0	0	68	65	64	true
BragaNorte Jogador 17	17	Avancado	68	1.87	Direito	1993-05-17	Portugal	Braga	Braga Norte	Liga Configuracao 2026	Sem grupo	Suplente	0	0	0	0	0	71	70	68	true
BragaNorte Jogador 18	18	Defesa	69	1.7	Esquerdo	1994-06-18	Portugal	Braga	Braga Norte	Liga Configuracao 2026	Sem grupo	Suplente	0	0	0	0	0	74	75	72	true
BragaNorte Jogador 19	19	Medio	70	1.71	Direito	1995-07-19	Portugal	Braga	Braga Norte	Liga Configuracao 2026	Sem grupo	Suplente	0	0	0	0	0	77	80	76	true
BragaNorte Jogador 20	20	Avancado	71	1.72	Direito	1996-08-20	Portugal	Braga	Braga Norte	Liga Configuracao 2026	Sem grupo	Suplente	0	0	0	0	0	80	85	80	true
BragaNorte Jogador 21	21	Defesa	72	1.73	Esquerdo	1997-09-21	Portugal	Braga	Braga Norte	Liga Configuracao 2026	Sem grupo	Suplente	0	0	0	1	0	83	55	84	true
BragaNorte Jogador 22	22	Medio	73	1.74	Direito	1998-10-22	Portugal	Braga	Braga Norte	Liga Configuracao 2026	Sem grupo	Suplente	0	0	0	0	0	86	60	88	true
BragaNorte Jogador 23	23	Avancado	74	1.75	Direito	1999-11-23	Portugal	Braga	Braga Norte	Liga Configuracao 2026	Sem grupo	Suplente	0	0	0	0	0	89	65	62	true
PortoAzul Jogador 1	1	Guarda-redes	71	1.71	Direito	1996-01-01	Portugal	Porto	Porto Azul	Liga Configuracao 2026	Sem grupo	Titular	0	0	0	0	0	58	60	64	true
PortoAzul Jogador 2	2	Defesa	72	1.72	Direito	1997-02-02	Portugal	Porto	Porto Azul	Liga Configuracao 2026	Sem grupo	Titular	0	0	0	0	0	61	65	68	true
PortoAzul Jogador 3	3	Defesa	73	1.73	Esquerdo	1998-03-03	Portugal	Porto	Porto Azul	Liga Configuracao 2026	Sem grupo	Titular	0	0	0	0	0	64	70	72	true
PortoAzul Jogador 4	4	Defesa	74	1.74	Direito	1999-04-04	Portugal	Porto	Porto Azul	Liga Configuracao 2026	Sem grupo	Titular	0	0	0	0	0	67	75	76	true
PortoAzul Jogador 5	5	Defesa	75	1.75	Direito	2000-05-05	Portugal	Porto	Porto Azul	Liga Configuracao 2026	Sem grupo	Titular	0	0	0	0	0	70	80	80	true
PortoAzul Jogador 6	6	Medio	76	1.76	Esquerdo	2001-06-06	Portugal	Porto	Porto Azul	Liga Configuracao 2026	Sem grupo	Titular	0	0	0	0	0	73	85	84	true
PortoAzul Jogador 7	7	Medio	77	1.77	Direito	1993-07-07	Portugal	Porto	Porto Azul	Liga Configuracao 2026	Sem grupo	Titular	0	0	0	1	0	76	55	88	true
PortoAzul Jogador 8	8	Medio	78	1.78	Direito	1994-08-08	Portugal	Porto	Porto Azul	Liga Configuracao 2026	Sem grupo	Titular	0	0	0	0	0	79	60	62	true
PortoAzul Jogador 9	9	Avancado	79	1.79	Esquerdo	1995-09-09	Portugal	Porto	Porto Azul	Liga Configuracao 2026	Sem grupo	Titular	0	0	0	0	0	82	65	66	true
PortoAzul Jogador 10	10	Avancado	80	1.8	Direito	1996-10-10	Portugal	Porto	Porto Azul	Liga Configuracao 2026	Sem grupo	Titular	0	0	0	0	0	85	70	70	true
PortoAzul Jogador 11	11	Avancado	81	1.81	Direito	1997-11-11	Portugal	Porto	Porto Azul	Liga Configuracao 2026	Sem grupo	Titular	0	0	0	0	0	88	75	74	true
PortoAzul Jogador 12	12	Defesa	82	1.82	Esquerdo	1998-12-12	Portugal	Porto	Porto Azul	Liga Configuracao 2026	Sem grupo	Suplente	0	0	0	0	0	56	80	78	true
PortoAzul Jogador 13	13	Medio	83	1.83	Direito	1999-01-13	Portugal	Porto	Porto Azul	Liga Configuracao 2026	Sem grupo	Suplente	0	0	0	0	0	59	85	82	true
PortoAzul Jogador 14	14	Avancado	84	1.84	Direito	2000-02-14	Portugal	Porto	Porto Azul	Liga Configuracao 2026	Sem grupo	Suplente	0	0	0	1	0	62	55	86	true
PortoAzul Jogador 15	15	Defesa	85	1.85	Esquerdo	2001-03-15	Portugal	Porto	Porto Azul	Liga Configuracao 2026	Sem grupo	Suplente	0	0	0	0	0	65	60	60	true
PortoAzul Jogador 16	16	Medio	68	1.86	Direito	1993-04-16	Portugal	Porto	Porto Azul	Liga Configuracao 2026	Sem grupo	Suplente	0	0	0	0	0	68	65	64	true
PortoAzul Jogador 17	17	Avancado	69	1.87	Direito	1994-05-17	Portugal	Porto	Porto Azul	Liga Configuracao 2026	Sem grupo	Suplente	0	0	0	0	0	71	70	68	true
PortoAzul Jogador 18	18	Defesa	70	1.7	Esquerdo	1995-06-18	Portugal	Porto	Porto Azul	Liga Configuracao 2026	Sem grupo	Suplente	0	0	0	0	0	74	75	72	true
PortoAzul Jogador 19	19	Medio	71	1.71	Direito	1996-07-19	Portugal	Porto	Porto Azul	Liga Configuracao 2026	Sem grupo	Suplente	0	0	0	0	0	77	80	76	true
PortoAzul Jogador 20	20	Avancado	72	1.72	Direito	1997-08-20	Portugal	Porto	Porto Azul	Liga Configuracao 2026	Sem grupo	Suplente	0	0	0	0	0	80	85	80	true
PortoAzul Jogador 21	21	Defesa	73	1.73	Esquerdo	1998-09-21	Portugal	Porto	Porto Azul	Liga Configuracao 2026	Sem grupo	Suplente	0	0	0	1	0	83	55	84	true
PortoAzul Jogador 22	22	Medio	74	1.74	Direito	1999-10-22	Portugal	Porto	Porto Azul	Liga Configuracao 2026	Sem grupo	Suplente	0	0	0	0	0	86	60	88	true
PortoAzul Jogador 23	23	Avancado	75	1.75	Direito	2000-11-23	Portugal	Porto	Porto Azul	Liga Configuracao 2026	Sem grupo	Suplente	0	0	0	0	0	89	65	62	true
LisboaVerde Jogador 1	1	Guarda-redes	72	1.71	Direito	1997-01-01	Portugal	Lisboa	Lisboa Verde	Liga Configuracao 2026	Sem grupo	Titular	0	0	0	0	0	58	60	64	true
LisboaVerde Jogador 2	2	Defesa	73	1.72	Direito	1998-02-02	Portugal	Lisboa	Lisboa Verde	Liga Configuracao 2026	Sem grupo	Titular	0	0	0	0	0	61	65	68	true
LisboaVerde Jogador 3	3	Defesa	74	1.73	Esquerdo	1999-03-03	Portugal	Lisboa	Lisboa Verde	Liga Configuracao 2026	Sem grupo	Titular	0	0	0	0	0	64	70	72	true
LisboaVerde Jogador 4	4	Defesa	75	1.74	Direito	2000-04-04	Portugal	Lisboa	Lisboa Verde	Liga Configuracao 2026	Sem grupo	Titular	0	0	0	0	0	67	75	76	true
LisboaVerde Jogador 5	5	Defesa	76	1.75	Direito	2001-05-05	Portugal	Lisboa	Lisboa Verde	Liga Configuracao 2026	Sem grupo	Titular	0	0	0	0	0	70	80	80	true
LisboaVerde Jogador 6	6	Medio	77	1.76	Esquerdo	1993-06-06	Portugal	Lisboa	Lisboa Verde	Liga Configuracao 2026	Sem grupo	Titular	0	0	0	0	0	73	85	84	true
LisboaVerde Jogador 7	7	Medio	78	1.77	Direito	1994-07-07	Portugal	Lisboa	Lisboa Verde	Liga Configuracao 2026	Sem grupo	Titular	0	0	0	1	0	76	55	88	true
LisboaVerde Jogador 8	8	Medio	79	1.78	Direito	1995-08-08	Portugal	Lisboa	Lisboa Verde	Liga Configuracao 2026	Sem grupo	Titular	0	0	0	0	0	79	60	62	true
LisboaVerde Jogador 9	9	Avancado	80	1.79	Esquerdo	1996-09-09	Portugal	Lisboa	Lisboa Verde	Liga Configuracao 2026	Sem grupo	Titular	0	0	0	0	0	82	65	66	true
LisboaVerde Jogador 10	10	Avancado	81	1.8	Direito	1997-10-10	Portugal	Lisboa	Lisboa Verde	Liga Configuracao 2026	Sem grupo	Titular	0	0	0	0	0	85	70	70	true
LisboaVerde Jogador 11	11	Avancado	82	1.81	Direito	1998-11-11	Portugal	Lisboa	Lisboa Verde	Liga Configuracao 2026	Sem grupo	Titular	0	0	0	0	0	88	75	74	true
LisboaVerde Jogador 12	12	Defesa	83	1.82	Esquerdo	1999-12-12	Portugal	Lisboa	Lisboa Verde	Liga Configuracao 2026	Sem grupo	Suplente	0	0	0	0	0	56	80	78	true
LisboaVerde Jogador 13	13	Medio	84	1.83	Direito	2000-01-13	Portugal	Lisboa	Lisboa Verde	Liga Configuracao 2026	Sem grupo	Suplente	0	0	0	0	0	59	85	82	true
LisboaVerde Jogador 14	14	Avancado	85	1.84	Direito	2001-02-14	Portugal	Lisboa	Lisboa Verde	Liga Configuracao 2026	Sem grupo	Suplente	0	0	0	1	0	62	55	86	true
LisboaVerde Jogador 15	15	Defesa	68	1.85	Esquerdo	1993-03-15	Portugal	Lisboa	Lisboa Verde	Liga Configuracao 2026	Sem grupo	Suplente	0	0	0	0	0	65	60	60	true
LisboaVerde Jogador 16	16	Medio	69	1.86	Direito	1994-04-16	Portugal	Lisboa	Lisboa Verde	Liga Configuracao 2026	Sem grupo	Suplente	0	0	0	0	0	68	65	64	true
LisboaVerde Jogador 17	17	Avancado	70	1.87	Direito	1995-05-17	Portugal	Lisboa	Lisboa Verde	Liga Configuracao 2026	Sem grupo	Suplente	0	0	0	0	0	71	70	68	true
LisboaVerde Jogador 18	18	Defesa	71	1.7	Esquerdo	1996-06-18	Portugal	Lisboa	Lisboa Verde	Liga Configuracao 2026	Sem grupo	Suplente	0	0	0	0	0	74	75	72	true
LisboaVerde Jogador 19	19	Medio	72	1.71	Direito	1997-07-19	Portugal	Lisboa	Lisboa Verde	Liga Configuracao 2026	Sem grupo	Suplente	0	0	0	0	0	77	80	76	true
LisboaVerde Jogador 20	20	Avancado	73	1.72	Direito	1998-08-20	Portugal	Lisboa	Lisboa Verde	Liga Configuracao 2026	Sem grupo	Suplente	0	0	0	0	0	80	85	80	true
LisboaVerde Jogador 21	21	Defesa	74	1.73	Esquerdo	1999-09-21	Portugal	Lisboa	Lisboa Verde	Liga Configuracao 2026	Sem grupo	Suplente	0	0	0	1	0	83	55	84	true
LisboaVerde Jogador 22	22	Medio	75	1.74	Direito	2000-10-22	Portugal	Lisboa	Lisboa Verde	Liga Configuracao 2026	Sem grupo	Suplente	0	0	0	0	0	86	60	88	true
LisboaVerde Jogador 23	23	Avancado	76	1.75	Direito	2001-11-23	Portugal	Lisboa	Lisboa Verde	Liga Configuracao 2026	Sem grupo	Suplente	0	0	0	0	0	89	65	62	true
FaroSul Jogador 1	1	Guarda-redes	73	1.71	Direito	1998-01-01	Portugal	Faro	Faro Sul	Liga Configuracao 2026	Sem grupo	Titular	0	0	0	0	0	58	60	64	true
FaroSul Jogador 2	2	Defesa	74	1.72	Direito	1999-02-02	Portugal	Faro	Faro Sul	Liga Configuracao 2026	Sem grupo	Titular	0	0	0	0	0	61	65	68	true
FaroSul Jogador 3	3	Defesa	75	1.73	Esquerdo	2000-03-03	Portugal	Faro	Faro Sul	Liga Configuracao 2026	Sem grupo	Titular	0	0	0	0	0	64	70	72	true
FaroSul Jogador 4	4	Defesa	76	1.74	Direito	2001-04-04	Portugal	Faro	Faro Sul	Liga Configuracao 2026	Sem grupo	Titular	0	0	0	0	0	67	75	76	true
FaroSul Jogador 5	5	Defesa	77	1.75	Direito	1993-05-05	Portugal	Faro	Faro Sul	Liga Configuracao 2026	Sem grupo	Titular	0	0	0	0	0	70	80	80	true
FaroSul Jogador 6	6	Medio	78	1.76	Esquerdo	1994-06-06	Portugal	Faro	Faro Sul	Liga Configuracao 2026	Sem grupo	Titular	0	0	0	0	0	73	85	84	true
FaroSul Jogador 7	7	Medio	79	1.77	Direito	1995-07-07	Portugal	Faro	Faro Sul	Liga Configuracao 2026	Sem grupo	Titular	0	0	0	1	0	76	55	88	true
FaroSul Jogador 8	8	Medio	80	1.78	Direito	1996-08-08	Portugal	Faro	Faro Sul	Liga Configuracao 2026	Sem grupo	Titular	0	0	0	0	0	79	60	62	true
FaroSul Jogador 9	9	Avancado	81	1.79	Esquerdo	1997-09-09	Portugal	Faro	Faro Sul	Liga Configuracao 2026	Sem grupo	Titular	0	0	0	0	0	82	65	66	true
FaroSul Jogador 10	10	Avancado	82	1.8	Direito	1998-10-10	Portugal	Faro	Faro Sul	Liga Configuracao 2026	Sem grupo	Titular	0	0	0	0	0	85	70	70	true
FaroSul Jogador 11	11	Avancado	83	1.81	Direito	1999-11-11	Portugal	Faro	Faro Sul	Liga Configuracao 2026	Sem grupo	Titular	0	0	0	0	0	88	75	74	true
FaroSul Jogador 12	12	Defesa	84	1.82	Esquerdo	2000-12-12	Portugal	Faro	Faro Sul	Liga Configuracao 2026	Sem grupo	Suplente	0	0	0	0	0	56	80	78	true
FaroSul Jogador 13	13	Medio	85	1.83	Direito	2001-01-13	Portugal	Faro	Faro Sul	Liga Configuracao 2026	Sem grupo	Suplente	0	0	0	0	0	59	85	82	true
FaroSul Jogador 14	14	Avancado	68	1.84	Direito	1993-02-14	Portugal	Faro	Faro Sul	Liga Configuracao 2026	Sem grupo	Suplente	0	0	0	1	0	62	55	86	true
FaroSul Jogador 15	15	Defesa	69	1.85	Esquerdo	1994-03-15	Portugal	Faro	Faro Sul	Liga Configuracao 2026	Sem grupo	Suplente	0	0	0	0	0	65	60	60	true
FaroSul Jogador 16	16	Medio	70	1.86	Direito	1995-04-16	Portugal	Faro	Faro Sul	Liga Configuracao 2026	Sem grupo	Suplente	0	0	0	0	0	68	65	64	true
FaroSul Jogador 17	17	Avancado	71	1.87	Direito	1996-05-17	Portugal	Faro	Faro Sul	Liga Configuracao 2026	Sem grupo	Suplente	0	0	0	0	0	71	70	68	true
FaroSul Jogador 18	18	Defesa	72	1.7	Esquerdo	1997-06-18	Portugal	Faro	Faro Sul	Liga Configuracao 2026	Sem grupo	Suplente	0	0	0	0	0	74	75	72	true
FaroSul Jogador 19	19	Medio	73	1.71	Direito	1998-07-19	Portugal	Faro	Faro Sul	Liga Configuracao 2026	Sem grupo	Suplente	0	0	0	0	0	77	80	76	true
FaroSul Jogador 20	20	Avancado	74	1.72	Direito	1999-08-20	Portugal	Faro	Faro Sul	Liga Configuracao 2026	Sem grupo	Suplente	0	0	0	0	0	80	85	80	true
FaroSul Jogador 21	21	Defesa	75	1.73	Esquerdo	2000-09-21	Portugal	Faro	Faro Sul	Liga Configuracao 2026	Sem grupo	Suplente	0	0	0	1	0	83	55	84	true
FaroSul Jogador 22	22	Medio	76	1.74	Direito	2001-10-22	Portugal	Faro	Faro Sul	Liga Configuracao 2026	Sem grupo	Suplente	0	0	0	0	0	86	60	88	true
FaroSul Jogador 23	23	Avancado	77	1.75	Direito	1993-11-23	Portugal	Faro	Faro Sul	Liga Configuracao 2026	Sem grupo	Suplente	0	0	0	0	0	89	65	62	true
LisboaNorte Jogador 1	1	Guarda-redes	74	1.71	Direito	1999-01-01	Portugal	Lisboa	Lisboa Norte	Liga Atlantica 2026	A	Titular	2	1	0	0	132	58	60	64	true
LisboaNorte Jogador 2	2	Defesa	75	1.72	Direito	2000-02-02	Portugal	Lisboa	Lisboa Norte	Liga Atlantica 2026	A	Titular	2	1	1	0	134	61	65	68	true
LisboaNorte Jogador 3	3	Defesa	76	1.73	Esquerdo	2001-03-03	Portugal	Lisboa	Lisboa Norte	Liga Atlantica 2026	A	Titular	2	0	0	0	136	64	70	72	true
LisboaNorte Jogador 4	4	Defesa	77	1.74	Direito	1993-04-04	Portugal	Lisboa	Lisboa Norte	Liga Atlantica 2026	A	Titular	2	0	0	0	138	67	75	76	true
LisboaNorte Jogador 5	5	Defesa	78	1.75	Direito	1994-05-05	Portugal	Lisboa	Lisboa Norte	Liga Atlantica 2026	A	Titular	2	0	0	0	140	70	80	80	true
LisboaNorte Jogador 6	6	Medio	79	1.76	Esquerdo	1995-06-06	Portugal	Lisboa	Lisboa Norte	Liga Atlantica 2026	A	Titular	2	0	0	0	142	73	85	84	true
LisboaNorte Jogador 7	7	Medio	80	1.77	Direito	1996-07-07	Portugal	Lisboa	Lisboa Norte	Liga Atlantica 2026	A	Titular	2	0	0	1	144	76	55	88	true
LisboaNorte Jogador 8	8	Medio	81	1.78	Direito	1997-08-08	Portugal	Lisboa	Lisboa Norte	Liga Atlantica 2026	A	Titular	2	0	0	0	146	79	60	62	true
LisboaNorte Jogador 9	9	Avancado	82	1.79	Esquerdo	1998-09-09	Portugal	Lisboa	Lisboa Norte	Liga Atlantica 2026	A	Titular	2	0	0	0	148	82	65	66	true
LisboaNorte Jogador 10	10	Avancado	83	1.8	Direito	1999-10-10	Portugal	Lisboa	Lisboa Norte	Liga Atlantica 2026	A	Titular	2	0	0	0	150	85	70	70	true
LisboaNorte Jogador 11	11	Avancado	84	1.81	Direito	2000-11-11	Portugal	Lisboa	Lisboa Norte	Liga Atlantica 2026	A	Titular	2	0	0	0	152	88	75	74	true
LisboaNorte Jogador 12	12	Defesa	85	1.82	Esquerdo	2001-12-12	Portugal	Lisboa	Lisboa Norte	Liga Atlantica 2026	A	Suplente	2	0	0	0	154	56	80	78	true
LisboaNorte Jogador 13	13	Medio	68	1.83	Direito	1993-01-13	Portugal	Lisboa	Lisboa Norte	Liga Atlantica 2026	A	Suplente	2	0	0	0	156	59	85	82	true
LisboaNorte Jogador 14	14	Avancado	69	1.84	Direito	1994-02-14	Portugal	Lisboa	Lisboa Norte	Liga Atlantica 2026	A	Suplente	2	0	0	1	158	62	55	86	true
LisboaNorte Jogador 15	15	Defesa	70	1.85	Esquerdo	1995-03-15	Portugal	Lisboa	Lisboa Norte	Liga Atlantica 2026	A	Suplente	2	0	0	0	160	65	60	60	true
LisboaNorte Jogador 16	16	Medio	71	1.86	Direito	1996-04-16	Portugal	Lisboa	Lisboa Norte	Liga Atlantica 2026	A	Suplente	2	0	0	0	162	68	65	64	true
LisboaNorte Jogador 17	17	Avancado	72	1.87	Direito	1997-05-17	Portugal	Lisboa	Lisboa Norte	Liga Atlantica 2026	A	Suplente	2	0	0	0	164	71	70	68	true
LisboaNorte Jogador 18	18	Defesa	73	1.7	Esquerdo	1998-06-18	Portugal	Lisboa	Lisboa Norte	Liga Atlantica 2026	A	Suplente	2	0	0	0	166	74	75	72	true
LisboaNorte Jogador 19	19	Medio	74	1.71	Direito	1999-07-19	Portugal	Lisboa	Lisboa Norte	Liga Atlantica 2026	A	Suplente	2	0	0	0	168	77	80	76	true
LisboaNorte Jogador 20	20	Avancado	75	1.72	Direito	2000-08-20	Portugal	Lisboa	Lisboa Norte	Liga Atlantica 2026	A	Suplente	2	0	0	0	170	80	85	80	true
LisboaNorte Jogador 21	21	Defesa	76	1.73	Esquerdo	2001-09-21	Portugal	Lisboa	Lisboa Norte	Liga Atlantica 2026	A	Suplente	2	0	0	1	172	83	55	84	true
LisboaNorte Jogador 22	22	Medio	77	1.74	Direito	1993-10-22	Portugal	Lisboa	Lisboa Norte	Liga Atlantica 2026	A	Suplente	2	0	0	0	174	86	60	88	true
LisboaNorte Jogador 23	23	Avancado	78	1.75	Direito	1994-11-23	Portugal	Lisboa	Lisboa Norte	Liga Atlantica 2026	A	Suplente	2	0	0	0	176	89	65	62	true
PortoRibeira Jogador 1	1	Guarda-redes	75	1.71	Direito	2000-01-01	Portugal	Porto	Porto Ribeira	Liga Atlantica 2026	A	Titular	2	1	0	0	132	58	60	64	true
PortoRibeira Jogador 2	2	Defesa	76	1.72	Direito	2001-02-02	Portugal	Porto	Porto Ribeira	Liga Atlantica 2026	A	Titular	2	0	0	0	134	61	65	68	true
PortoRibeira Jogador 3	3	Defesa	77	1.73	Esquerdo	1993-03-03	Portugal	Porto	Porto Ribeira	Liga Atlantica 2026	A	Titular	2	0	0	0	136	64	70	72	true
PortoRibeira Jogador 4	4	Defesa	78	1.74	Direito	1994-04-04	Portugal	Porto	Porto Ribeira	Liga Atlantica 2026	A	Titular	2	0	0	0	138	67	75	76	true
PortoRibeira Jogador 5	5	Defesa	79	1.75	Direito	1995-05-05	Portugal	Porto	Porto Ribeira	Liga Atlantica 2026	A	Titular	2	0	0	0	140	70	80	80	true
PortoRibeira Jogador 6	6	Medio	80	1.76	Esquerdo	1996-06-06	Portugal	Porto	Porto Ribeira	Liga Atlantica 2026	A	Titular	2	0	0	0	142	73	85	84	true
PortoRibeira Jogador 7	7	Medio	81	1.77	Direito	1997-07-07	Portugal	Porto	Porto Ribeira	Liga Atlantica 2026	A	Titular	2	0	0	1	144	76	55	88	true
PortoRibeira Jogador 8	8	Medio	82	1.78	Direito	1998-08-08	Portugal	Porto	Porto Ribeira	Liga Atlantica 2026	A	Titular	2	0	0	0	146	79	60	62	true
PortoRibeira Jogador 9	9	Avancado	83	1.79	Esquerdo	1999-09-09	Portugal	Porto	Porto Ribeira	Liga Atlantica 2026	A	Titular	2	0	0	0	148	82	65	66	true
PortoRibeira Jogador 10	10	Avancado	84	1.8	Direito	2000-10-10	Portugal	Porto	Porto Ribeira	Liga Atlantica 2026	A	Titular	2	0	0	0	150	85	70	70	true
PortoRibeira Jogador 11	11	Avancado	85	1.81	Direito	2001-11-11	Portugal	Porto	Porto Ribeira	Liga Atlantica 2026	A	Titular	2	0	0	0	152	88	75	74	true
PortoRibeira Jogador 12	12	Defesa	68	1.82	Esquerdo	1993-12-12	Portugal	Porto	Porto Ribeira	Liga Atlantica 2026	A	Suplente	2	0	0	0	154	56	80	78	true
PortoRibeira Jogador 13	13	Medio	69	1.83	Direito	1994-01-13	Portugal	Porto	Porto Ribeira	Liga Atlantica 2026	A	Suplente	2	0	0	0	156	59	85	82	true
PortoRibeira Jogador 14	14	Avancado	70	1.84	Direito	1995-02-14	Portugal	Porto	Porto Ribeira	Liga Atlantica 2026	A	Suplente	2	0	0	1	158	62	55	86	true
PortoRibeira Jogador 15	15	Defesa	71	1.85	Esquerdo	1996-03-15	Portugal	Porto	Porto Ribeira	Liga Atlantica 2026	A	Suplente	2	0	0	0	160	65	60	60	true
PortoRibeira Jogador 16	16	Medio	72	1.86	Direito	1997-04-16	Portugal	Porto	Porto Ribeira	Liga Atlantica 2026	A	Suplente	2	0	0	0	162	68	65	64	true
PortoRibeira Jogador 17	17	Avancado	73	1.87	Direito	1998-05-17	Portugal	Porto	Porto Ribeira	Liga Atlantica 2026	A	Suplente	2	0	0	0	164	71	70	68	true
PortoRibeira Jogador 18	18	Defesa	74	1.7	Esquerdo	1999-06-18	Portugal	Porto	Porto Ribeira	Liga Atlantica 2026	A	Suplente	2	0	0	0	166	74	75	72	true
PortoRibeira Jogador 19	19	Medio	75	1.71	Direito	2000-07-19	Portugal	Porto	Porto Ribeira	Liga Atlantica 2026	A	Suplente	2	0	0	0	168	77	80	76	true
PortoRibeira Jogador 20	20	Avancado	76	1.72	Direito	2001-08-20	Portugal	Porto	Porto Ribeira	Liga Atlantica 2026	A	Suplente	2	0	0	0	170	80	85	80	true
PortoRibeira Jogador 21	21	Defesa	77	1.73	Esquerdo	1993-09-21	Portugal	Porto	Porto Ribeira	Liga Atlantica 2026	A	Suplente	2	0	0	1	172	83	55	84	true
PortoRibeira Jogador 22	22	Medio	78	1.74	Direito	1994-10-22	Portugal	Porto	Porto Ribeira	Liga Atlantica 2026	A	Suplente	2	0	0	0	174	86	60	88	true
PortoRibeira Jogador 23	23	Avancado	79	1.75	Direito	1995-11-23	Portugal	Porto	Porto Ribeira	Liga Atlantica 2026	A	Suplente	2	0	0	0	176	89	65	62	true
CoimbraEstrela Jogador 1	1	Guarda-redes	76	1.71	Direito	2001-01-01	Portugal	Coimbra	Coimbra Estrela	Liga Atlantica 2026	A	Titular	2	1	0	0	132	58	60	64	true
CoimbraEstrela Jogador 2	2	Defesa	77	1.72	Direito	1993-02-02	Portugal	Coimbra	Coimbra Estrela	Liga Atlantica 2026	A	Titular	2	0	0	0	134	61	65	68	true
CoimbraEstrela Jogador 3	3	Defesa	78	1.73	Esquerdo	1994-03-03	Portugal	Coimbra	Coimbra Estrela	Liga Atlantica 2026	A	Titular	2	0	0	0	136	64	70	72	true
CoimbraEstrela Jogador 4	4	Defesa	79	1.74	Direito	1995-04-04	Portugal	Coimbra	Coimbra Estrela	Liga Atlantica 2026	A	Titular	2	0	0	0	138	67	75	76	true
CoimbraEstrela Jogador 5	5	Defesa	80	1.75	Direito	1996-05-05	Portugal	Coimbra	Coimbra Estrela	Liga Atlantica 2026	A	Titular	2	0	0	0	140	70	80	80	true
CoimbraEstrela Jogador 6	6	Medio	81	1.76	Esquerdo	1997-06-06	Portugal	Coimbra	Coimbra Estrela	Liga Atlantica 2026	A	Titular	2	0	0	0	142	73	85	84	true
CoimbraEstrela Jogador 7	7	Medio	82	1.77	Direito	1998-07-07	Portugal	Coimbra	Coimbra Estrela	Liga Atlantica 2026	A	Titular	2	0	0	1	144	76	55	88	true
CoimbraEstrela Jogador 8	8	Medio	83	1.78	Direito	1999-08-08	Portugal	Coimbra	Coimbra Estrela	Liga Atlantica 2026	A	Titular	2	0	0	0	146	79	60	62	true
CoimbraEstrela Jogador 9	9	Avancado	84	1.79	Esquerdo	2000-09-09	Portugal	Coimbra	Coimbra Estrela	Liga Atlantica 2026	A	Titular	2	0	0	0	148	82	65	66	true
CoimbraEstrela Jogador 10	10	Avancado	85	1.8	Direito	2001-10-10	Portugal	Coimbra	Coimbra Estrela	Liga Atlantica 2026	A	Titular	2	0	0	0	150	85	70	70	true
CoimbraEstrela Jogador 11	11	Avancado	68	1.81	Direito	1993-11-11	Portugal	Coimbra	Coimbra Estrela	Liga Atlantica 2026	A	Titular	2	0	0	0	152	88	75	74	true
CoimbraEstrela Jogador 12	12	Defesa	69	1.82	Esquerdo	1994-12-12	Portugal	Coimbra	Coimbra Estrela	Liga Atlantica 2026	A	Suplente	2	0	0	0	154	56	80	78	true
CoimbraEstrela Jogador 13	13	Medio	70	1.83	Direito	1995-01-13	Portugal	Coimbra	Coimbra Estrela	Liga Atlantica 2026	A	Suplente	2	0	0	0	156	59	85	82	true
CoimbraEstrela Jogador 14	14	Avancado	71	1.84	Direito	1996-02-14	Portugal	Coimbra	Coimbra Estrela	Liga Atlantica 2026	A	Suplente	2	0	0	1	158	62	55	86	true
CoimbraEstrela Jogador 15	15	Defesa	72	1.85	Esquerdo	1997-03-15	Portugal	Coimbra	Coimbra Estrela	Liga Atlantica 2026	A	Suplente	2	0	0	0	160	65	60	60	true
CoimbraEstrela Jogador 16	16	Medio	73	1.86	Direito	1998-04-16	Portugal	Coimbra	Coimbra Estrela	Liga Atlantica 2026	A	Suplente	2	0	0	0	162	68	65	64	true
CoimbraEstrela Jogador 17	17	Avancado	74	1.87	Direito	1999-05-17	Portugal	Coimbra	Coimbra Estrela	Liga Atlantica 2026	A	Suplente	2	0	0	0	164	71	70	68	true
CoimbraEstrela Jogador 18	18	Defesa	75	1.7	Esquerdo	2000-06-18	Portugal	Coimbra	Coimbra Estrela	Liga Atlantica 2026	A	Suplente	2	0	0	0	166	74	75	72	true
CoimbraEstrela Jogador 19	19	Medio	76	1.71	Direito	2001-07-19	Portugal	Coimbra	Coimbra Estrela	Liga Atlantica 2026	A	Suplente	2	0	0	0	168	77	80	76	true
CoimbraEstrela Jogador 20	20	Avancado	77	1.72	Direito	1993-08-20	Portugal	Coimbra	Coimbra Estrela	Liga Atlantica 2026	A	Suplente	2	0	0	0	170	80	85	80	true
CoimbraEstrela Jogador 21	21	Defesa	78	1.73	Esquerdo	1994-09-21	Portugal	Coimbra	Coimbra Estrela	Liga Atlantica 2026	A	Suplente	2	0	0	1	172	83	55	84	true
CoimbraEstrela Jogador 22	22	Medio	79	1.74	Direito	1995-10-22	Portugal	Coimbra	Coimbra Estrela	Liga Atlantica 2026	A	Suplente	2	0	0	0	174	86	60	88	true
CoimbraEstrela Jogador 23	23	Avancado	80	1.75	Direito	1996-11-23	Portugal	Coimbra	Coimbra Estrela	Liga Atlantica 2026	A	Suplente	2	0	0	0	176	89	65	62	true
SetubalMar Jogador 1	1	Guarda-redes	77	1.71	Direito	1993-01-01	Portugal	Setubal	Setubal Mar	Liga Atlantica 2026	A	Titular	2	1	0	0	132	58	60	64	true
SetubalMar Jogador 2	2	Defesa	78	1.72	Direito	1994-02-02	Portugal	Setubal	Setubal Mar	Liga Atlantica 2026	A	Titular	2	0	0	0	134	61	65	68	true
SetubalMar Jogador 3	3	Defesa	79	1.73	Esquerdo	1995-03-03	Portugal	Setubal	Setubal Mar	Liga Atlantica 2026	A	Titular	2	0	0	0	136	64	70	72	true
SetubalMar Jogador 4	4	Defesa	80	1.74	Direito	1996-04-04	Portugal	Setubal	Setubal Mar	Liga Atlantica 2026	A	Titular	2	0	0	0	138	67	75	76	true
SetubalMar Jogador 5	5	Defesa	81	1.75	Direito	1997-05-05	Portugal	Setubal	Setubal Mar	Liga Atlantica 2026	A	Titular	2	0	0	0	140	70	80	80	true
SetubalMar Jogador 6	6	Medio	82	1.76	Esquerdo	1998-06-06	Portugal	Setubal	Setubal Mar	Liga Atlantica 2026	A	Titular	2	0	0	0	142	73	85	84	true
SetubalMar Jogador 7	7	Medio	83	1.77	Direito	1999-07-07	Portugal	Setubal	Setubal Mar	Liga Atlantica 2026	A	Titular	2	0	0	1	144	76	55	88	true
SetubalMar Jogador 8	8	Medio	84	1.78	Direito	2000-08-08	Portugal	Setubal	Setubal Mar	Liga Atlantica 2026	A	Titular	2	0	0	0	146	79	60	62	true
SetubalMar Jogador 9	9	Avancado	85	1.79	Esquerdo	2001-09-09	Portugal	Setubal	Setubal Mar	Liga Atlantica 2026	A	Titular	2	0	0	0	148	82	65	66	true
SetubalMar Jogador 10	10	Avancado	68	1.8	Direito	1993-10-10	Portugal	Setubal	Setubal Mar	Liga Atlantica 2026	A	Titular	2	0	0	0	150	85	70	70	true
SetubalMar Jogador 11	11	Avancado	69	1.81	Direito	1994-11-11	Portugal	Setubal	Setubal Mar	Liga Atlantica 2026	A	Titular	2	0	0	0	152	88	75	74	true
SetubalMar Jogador 12	12	Defesa	70	1.82	Esquerdo	1995-12-12	Portugal	Setubal	Setubal Mar	Liga Atlantica 2026	A	Suplente	2	0	0	0	154	56	80	78	true
SetubalMar Jogador 13	13	Medio	71	1.83	Direito	1996-01-13	Portugal	Setubal	Setubal Mar	Liga Atlantica 2026	A	Suplente	2	0	0	0	156	59	85	82	true
SetubalMar Jogador 14	14	Avancado	72	1.84	Direito	1997-02-14	Portugal	Setubal	Setubal Mar	Liga Atlantica 2026	A	Suplente	2	0	0	1	158	62	55	86	true
SetubalMar Jogador 15	15	Defesa	73	1.85	Esquerdo	1998-03-15	Portugal	Setubal	Setubal Mar	Liga Atlantica 2026	A	Suplente	2	0	0	0	160	65	60	60	true
SetubalMar Jogador 16	16	Medio	74	1.86	Direito	1999-04-16	Portugal	Setubal	Setubal Mar	Liga Atlantica 2026	A	Suplente	2	0	0	0	162	68	65	64	true
SetubalMar Jogador 17	17	Avancado	75	1.87	Direito	2000-05-17	Portugal	Setubal	Setubal Mar	Liga Atlantica 2026	A	Suplente	2	0	0	0	164	71	70	68	true
SetubalMar Jogador 18	18	Defesa	76	1.7	Esquerdo	2001-06-18	Portugal	Setubal	Setubal Mar	Liga Atlantica 2026	A	Suplente	2	0	0	0	166	74	75	72	true
SetubalMar Jogador 19	19	Medio	77	1.71	Direito	1993-07-19	Portugal	Setubal	Setubal Mar	Liga Atlantica 2026	A	Suplente	2	0	0	0	168	77	80	76	true
SetubalMar Jogador 20	20	Avancado	78	1.72	Direito	1994-08-20	Portugal	Setubal	Setubal Mar	Liga Atlantica 2026	A	Suplente	2	0	0	0	170	80	85	80	true
SetubalMar Jogador 21	21	Defesa	79	1.73	Esquerdo	1995-09-21	Portugal	Setubal	Setubal Mar	Liga Atlantica 2026	A	Suplente	2	0	0	1	172	83	55	84	true
SetubalMar Jogador 22	22	Medio	80	1.74	Direito	1996-10-22	Portugal	Setubal	Setubal Mar	Liga Atlantica 2026	A	Suplente	2	0	0	0	174	86	60	88	true
SetubalMar Jogador 23	23	Avancado	81	1.75	Direito	1997-11-23	Portugal	Setubal	Setubal Mar	Liga Atlantica 2026	A	Suplente	2	0	0	0	176	89	65	62	true
NorteReal Jogador 1	1	Guarda-redes	78	1.71	Direito	1994-01-01	Portugal	Viana do Castelo	Norte Real	Taca Finalizada 2026	A	Titular	8	1	0	0	528	58	60	64	true
NorteReal Jogador 2	2	Defesa	79	1.72	Direito	1995-02-02	Portugal	Viana do Castelo	Norte Real	Taca Finalizada 2026	A	Titular	8	1	1	0	536	61	65	68	true
NorteReal Jogador 3	3	Defesa	80	1.73	Esquerdo	1996-03-03	Portugal	Viana do Castelo	Norte Real	Taca Finalizada 2026	A	Titular	8	1	0	0	544	64	70	72	true
NorteReal Jogador 4	4	Defesa	81	1.74	Direito	1997-04-04	Portugal	Viana do Castelo	Norte Real	Taca Finalizada 2026	A	Titular	8	1	1	0	552	67	75	76	true
NorteReal Jogador 5	5	Defesa	82	1.75	Direito	1998-05-05	Portugal	Viana do Castelo	Norte Real	Taca Finalizada 2026	A	Titular	8	1	0	0	560	70	80	80	true
NorteReal Jogador 6	6	Medio	83	1.76	Esquerdo	1999-06-06	Portugal	Viana do Castelo	Norte Real	Taca Finalizada 2026	A	Titular	8	1	1	0	568	73	85	84	true
NorteReal Jogador 7	7	Medio	84	1.77	Direito	2000-07-07	Portugal	Viana do Castelo	Norte Real	Taca Finalizada 2026	A	Titular	8	1	0	1	576	76	55	88	true
NorteReal Jogador 8	8	Medio	85	1.78	Direito	2001-08-08	Portugal	Viana do Castelo	Norte Real	Taca Finalizada 2026	A	Titular	8	1	1	0	584	79	60	62	true
NorteReal Jogador 9	9	Avancado	68	1.79	Esquerdo	1993-09-09	Portugal	Viana do Castelo	Norte Real	Taca Finalizada 2026	A	Titular	8	1	0	0	592	82	65	66	true
NorteReal Jogador 10	10	Avancado	69	1.8	Direito	1994-10-10	Portugal	Viana do Castelo	Norte Real	Taca Finalizada 2026	A	Titular	8	1	1	0	600	85	70	70	true
NorteReal Jogador 11	11	Avancado	70	1.81	Direito	1995-11-11	Portugal	Viana do Castelo	Norte Real	Taca Finalizada 2026	A	Titular	8	0	0	0	608	88	75	74	true
NorteReal Jogador 12	12	Defesa	71	1.82	Esquerdo	1996-12-12	Portugal	Viana do Castelo	Norte Real	Taca Finalizada 2026	A	Suplente	8	0	0	0	616	56	80	78	true
NorteReal Jogador 13	13	Medio	72	1.83	Direito	1997-01-13	Portugal	Viana do Castelo	Norte Real	Taca Finalizada 2026	A	Suplente	8	0	0	0	624	59	85	82	true
NorteReal Jogador 14	14	Avancado	73	1.84	Direito	1998-02-14	Portugal	Viana do Castelo	Norte Real	Taca Finalizada 2026	A	Suplente	8	0	0	1	632	62	55	86	true
NorteReal Jogador 15	15	Defesa	74	1.85	Esquerdo	1999-03-15	Portugal	Viana do Castelo	Norte Real	Taca Finalizada 2026	A	Suplente	8	0	0	0	640	65	60	60	true
NorteReal Jogador 16	16	Medio	75	1.86	Direito	2000-04-16	Portugal	Viana do Castelo	Norte Real	Taca Finalizada 2026	A	Suplente	8	0	0	0	648	68	65	64	true
NorteReal Jogador 17	17	Avancado	76	1.87	Direito	2001-05-17	Portugal	Viana do Castelo	Norte Real	Taca Finalizada 2026	A	Suplente	8	0	0	0	656	71	70	68	true
NorteReal Jogador 18	18	Defesa	77	1.7	Esquerdo	1993-06-18	Portugal	Viana do Castelo	Norte Real	Taca Finalizada 2026	A	Suplente	8	0	0	0	664	74	75	72	true
NorteReal Jogador 19	19	Medio	78	1.71	Direito	1994-07-19	Portugal	Viana do Castelo	Norte Real	Taca Finalizada 2026	A	Suplente	8	0	0	0	672	77	80	76	true
NorteReal Jogador 20	20	Avancado	79	1.72	Direito	1995-08-20	Portugal	Viana do Castelo	Norte Real	Taca Finalizada 2026	A	Suplente	8	0	0	0	680	80	85	80	true
NorteReal Jogador 21	21	Defesa	80	1.73	Esquerdo	1996-09-21	Portugal	Viana do Castelo	Norte Real	Taca Finalizada 2026	A	Suplente	8	0	0	1	688	83	55	84	true
NorteReal Jogador 22	22	Medio	81	1.74	Direito	1997-10-22	Portugal	Viana do Castelo	Norte Real	Taca Finalizada 2026	A	Suplente	8	0	0	0	696	86	60	88	true
NorteReal Jogador 23	23	Avancado	82	1.75	Direito	1998-11-23	Portugal	Viana do Castelo	Norte Real	Taca Finalizada 2026	A	Suplente	8	0	0	0	704	89	65	62	true
SulClube Jogador 1	1	Guarda-redes	79	1.71	Direito	1995-01-01	Portugal	Evora	Sul Clube	Taca Finalizada 2026	A	Titular	8	1	0	0	528	58	60	64	true
SulClube Jogador 2	2	Defesa	80	1.72	Direito	1996-02-02	Portugal	Evora	Sul Clube	Taca Finalizada 2026	A	Titular	8	1	1	0	536	61	65	68	true
SulClube Jogador 3	3	Defesa	81	1.73	Esquerdo	1997-03-03	Portugal	Evora	Sul Clube	Taca Finalizada 2026	A	Titular	8	1	0	0	544	64	70	72	true
SulClube Jogador 4	4	Defesa	82	1.74	Direito	1998-04-04	Portugal	Evora	Sul Clube	Taca Finalizada 2026	A	Titular	8	1	1	0	552	67	75	76	true
SulClube Jogador 5	5	Defesa	83	1.75	Direito	1999-05-05	Portugal	Evora	Sul Clube	Taca Finalizada 2026	A	Titular	8	1	0	0	560	70	80	80	true
SulClube Jogador 6	6	Medio	84	1.76	Esquerdo	2000-06-06	Portugal	Evora	Sul Clube	Taca Finalizada 2026	A	Titular	8	1	1	0	568	73	85	84	true
SulClube Jogador 7	7	Medio	85	1.77	Direito	2001-07-07	Portugal	Evora	Sul Clube	Taca Finalizada 2026	A	Titular	8	1	0	1	576	76	55	88	true
SulClube Jogador 8	8	Medio	68	1.78	Direito	1993-08-08	Portugal	Evora	Sul Clube	Taca Finalizada 2026	A	Titular	8	1	1	0	584	79	60	62	true
SulClube Jogador 9	9	Avancado	69	1.79	Esquerdo	1994-09-09	Portugal	Evora	Sul Clube	Taca Finalizada 2026	A	Titular	8	1	0	0	592	82	65	66	true
SulClube Jogador 10	10	Avancado	70	1.8	Direito	1995-10-10	Portugal	Evora	Sul Clube	Taca Finalizada 2026	A	Titular	8	0	0	0	600	85	70	70	true
SulClube Jogador 11	11	Avancado	71	1.81	Direito	1996-11-11	Portugal	Evora	Sul Clube	Taca Finalizada 2026	A	Titular	8	0	0	0	608	88	75	74	true
SulClube Jogador 12	12	Defesa	72	1.82	Esquerdo	1997-12-12	Portugal	Evora	Sul Clube	Taca Finalizada 2026	A	Suplente	8	0	0	0	616	56	80	78	true
SulClube Jogador 13	13	Medio	73	1.83	Direito	1998-01-13	Portugal	Evora	Sul Clube	Taca Finalizada 2026	A	Suplente	8	0	0	0	624	59	85	82	true
SulClube Jogador 14	14	Avancado	74	1.84	Direito	1999-02-14	Portugal	Evora	Sul Clube	Taca Finalizada 2026	A	Suplente	8	0	0	1	632	62	55	86	true
SulClube Jogador 15	15	Defesa	75	1.85	Esquerdo	2000-03-15	Portugal	Evora	Sul Clube	Taca Finalizada 2026	A	Suplente	8	0	0	0	640	65	60	60	true
SulClube Jogador 16	16	Medio	76	1.86	Direito	2001-04-16	Portugal	Evora	Sul Clube	Taca Finalizada 2026	A	Suplente	8	0	0	0	648	68	65	64	true
SulClube Jogador 17	17	Avancado	77	1.87	Direito	1993-05-17	Portugal	Evora	Sul Clube	Taca Finalizada 2026	A	Suplente	8	0	0	0	656	71	70	68	true
SulClube Jogador 18	18	Defesa	78	1.7	Esquerdo	1994-06-18	Portugal	Evora	Sul Clube	Taca Finalizada 2026	A	Suplente	8	0	0	0	664	74	75	72	true
SulClube Jogador 19	19	Medio	79	1.71	Direito	1995-07-19	Portugal	Evora	Sul Clube	Taca Finalizada 2026	A	Suplente	8	0	0	0	672	77	80	76	true
SulClube Jogador 20	20	Avancado	80	1.72	Direito	1996-08-20	Portugal	Evora	Sul Clube	Taca Finalizada 2026	A	Suplente	8	0	0	0	680	80	85	80	true
SulClube Jogador 21	21	Defesa	81	1.73	Esquerdo	1997-09-21	Portugal	Evora	Sul Clube	Taca Finalizada 2026	A	Suplente	8	0	0	1	688	83	55	84	true
SulClube Jogador 22	22	Medio	82	1.74	Direito	1998-10-22	Portugal	Evora	Sul Clube	Taca Finalizada 2026	A	Suplente	8	0	0	0	696	86	60	88	true
SulClube Jogador 23	23	Avancado	83	1.75	Direito	1999-11-23	Portugal	Evora	Sul Clube	Taca Finalizada 2026	A	Suplente	8	0	0	0	704	89	65	62	true
IlhasFC Jogador 1	1	Guarda-redes	80	1.71	Direito	1996-01-01	Portugal	Funchal	Ilhas FC	Taca Finalizada 2026	A	Titular	8	1	0	0	528	58	60	64	true
IlhasFC Jogador 2	2	Defesa	81	1.72	Direito	1997-02-02	Portugal	Funchal	Ilhas FC	Taca Finalizada 2026	A	Titular	8	0	0	0	536	61	65	68	true
IlhasFC Jogador 3	3	Defesa	82	1.73	Esquerdo	1998-03-03	Portugal	Funchal	Ilhas FC	Taca Finalizada 2026	A	Titular	8	0	0	0	544	64	70	72	true
IlhasFC Jogador 4	4	Defesa	83	1.74	Direito	1999-04-04	Portugal	Funchal	Ilhas FC	Taca Finalizada 2026	A	Titular	8	0	0	0	552	67	75	76	true
IlhasFC Jogador 5	5	Defesa	84	1.75	Direito	2000-05-05	Portugal	Funchal	Ilhas FC	Taca Finalizada 2026	A	Titular	8	0	0	0	560	70	80	80	true
IlhasFC Jogador 6	6	Medio	85	1.76	Esquerdo	2001-06-06	Portugal	Funchal	Ilhas FC	Taca Finalizada 2026	A	Titular	8	0	0	0	568	73	85	84	true
IlhasFC Jogador 7	7	Medio	68	1.77	Direito	1993-07-07	Portugal	Funchal	Ilhas FC	Taca Finalizada 2026	A	Titular	8	0	0	1	576	76	55	88	true
IlhasFC Jogador 8	8	Medio	69	1.78	Direito	1994-08-08	Portugal	Funchal	Ilhas FC	Taca Finalizada 2026	A	Titular	8	0	0	0	584	79	60	62	true
IlhasFC Jogador 9	9	Avancado	70	1.79	Esquerdo	1995-09-09	Portugal	Funchal	Ilhas FC	Taca Finalizada 2026	A	Titular	8	0	0	0	592	82	65	66	true
IlhasFC Jogador 10	10	Avancado	71	1.8	Direito	1996-10-10	Portugal	Funchal	Ilhas FC	Taca Finalizada 2026	A	Titular	8	0	0	0	600	85	70	70	true
IlhasFC Jogador 11	11	Avancado	72	1.81	Direito	1997-11-11	Portugal	Funchal	Ilhas FC	Taca Finalizada 2026	A	Titular	8	0	0	0	608	88	75	74	true
IlhasFC Jogador 12	12	Defesa	73	1.82	Esquerdo	1998-12-12	Portugal	Funchal	Ilhas FC	Taca Finalizada 2026	A	Suplente	8	0	0	0	616	56	80	78	true
IlhasFC Jogador 13	13	Medio	74	1.83	Direito	1999-01-13	Portugal	Funchal	Ilhas FC	Taca Finalizada 2026	A	Suplente	8	0	0	0	624	59	85	82	true
IlhasFC Jogador 14	14	Avancado	75	1.84	Direito	2000-02-14	Portugal	Funchal	Ilhas FC	Taca Finalizada 2026	A	Suplente	8	0	0	1	632	62	55	86	true
IlhasFC Jogador 15	15	Defesa	76	1.85	Esquerdo	2001-03-15	Portugal	Funchal	Ilhas FC	Taca Finalizada 2026	A	Suplente	8	0	0	0	640	65	60	60	true
IlhasFC Jogador 16	16	Medio	77	1.86	Direito	1993-04-16	Portugal	Funchal	Ilhas FC	Taca Finalizada 2026	A	Suplente	8	0	0	0	648	68	65	64	true
IlhasFC Jogador 17	17	Avancado	78	1.87	Direito	1994-05-17	Portugal	Funchal	Ilhas FC	Taca Finalizada 2026	A	Suplente	8	0	0	0	656	71	70	68	true
IlhasFC Jogador 18	18	Defesa	79	1.7	Esquerdo	1995-06-18	Portugal	Funchal	Ilhas FC	Taca Finalizada 2026	A	Suplente	8	0	0	0	664	74	75	72	true
IlhasFC Jogador 19	19	Medio	80	1.71	Direito	1996-07-19	Portugal	Funchal	Ilhas FC	Taca Finalizada 2026	A	Suplente	8	0	0	0	672	77	80	76	true
IlhasFC Jogador 20	20	Avancado	81	1.72	Direito	1997-08-20	Portugal	Funchal	Ilhas FC	Taca Finalizada 2026	A	Suplente	8	0	0	0	680	80	85	80	true
IlhasFC Jogador 21	21	Defesa	82	1.73	Esquerdo	1998-09-21	Portugal	Funchal	Ilhas FC	Taca Finalizada 2026	A	Suplente	8	0	0	1	688	83	55	84	true
IlhasFC Jogador 22	22	Medio	83	1.74	Direito	1999-10-22	Portugal	Funchal	Ilhas FC	Taca Finalizada 2026	A	Suplente	8	0	0	0	696	86	60	88	true
IlhasFC Jogador 23	23	Avancado	84	1.75	Direito	2000-11-23	Portugal	Funchal	Ilhas FC	Taca Finalizada 2026	A	Suplente	8	0	0	0	704	89	65	62	true
InteriorSC Jogador 1	1	Guarda-redes	81	1.71	Direito	1997-01-01	Portugal	Guarda	Interior SC	Taca Finalizada 2026	A	Titular	8	1	0	0	528	58	60	64	true
InteriorSC Jogador 2	2	Defesa	82	1.72	Direito	1998-02-02	Portugal	Guarda	Interior SC	Taca Finalizada 2026	A	Titular	8	1	1	0	536	61	65	68	true
InteriorSC Jogador 3	3	Defesa	83	1.73	Esquerdo	1999-03-03	Portugal	Guarda	Interior SC	Taca Finalizada 2026	A	Titular	8	1	0	0	544	64	70	72	true
InteriorSC Jogador 4	4	Defesa	84	1.74	Direito	2000-04-04	Portugal	Guarda	Interior SC	Taca Finalizada 2026	A	Titular	8	1	1	0	552	67	75	76	true
InteriorSC Jogador 5	5	Defesa	85	1.75	Direito	2001-05-05	Portugal	Guarda	Interior SC	Taca Finalizada 2026	A	Titular	8	0	0	0	560	70	80	80	true
InteriorSC Jogador 6	6	Medio	68	1.76	Esquerdo	1993-06-06	Portugal	Guarda	Interior SC	Taca Finalizada 2026	A	Titular	8	0	0	0	568	73	85	84	true
InteriorSC Jogador 7	7	Medio	69	1.77	Direito	1994-07-07	Portugal	Guarda	Interior SC	Taca Finalizada 2026	A	Titular	8	0	0	1	576	76	55	88	true
InteriorSC Jogador 8	8	Medio	70	1.78	Direito	1995-08-08	Portugal	Guarda	Interior SC	Taca Finalizada 2026	A	Titular	8	0	0	0	584	79	60	62	true
InteriorSC Jogador 9	9	Avancado	71	1.79	Esquerdo	1996-09-09	Portugal	Guarda	Interior SC	Taca Finalizada 2026	A	Titular	8	0	0	0	592	82	65	66	true
InteriorSC Jogador 10	10	Avancado	72	1.8	Direito	1997-10-10	Portugal	Guarda	Interior SC	Taca Finalizada 2026	A	Titular	8	0	0	0	600	85	70	70	true
InteriorSC Jogador 11	11	Avancado	73	1.81	Direito	1998-11-11	Portugal	Guarda	Interior SC	Taca Finalizada 2026	A	Titular	8	0	0	0	608	88	75	74	true
InteriorSC Jogador 12	12	Defesa	74	1.82	Esquerdo	1999-12-12	Portugal	Guarda	Interior SC	Taca Finalizada 2026	A	Suplente	8	0	0	0	616	56	80	78	true
InteriorSC Jogador 13	13	Medio	75	1.83	Direito	2000-01-13	Portugal	Guarda	Interior SC	Taca Finalizada 2026	A	Suplente	8	0	0	0	624	59	85	82	true
InteriorSC Jogador 14	14	Avancado	76	1.84	Direito	2001-02-14	Portugal	Guarda	Interior SC	Taca Finalizada 2026	A	Suplente	8	0	0	1	632	62	55	86	true
InteriorSC Jogador 15	15	Defesa	77	1.85	Esquerdo	1993-03-15	Portugal	Guarda	Interior SC	Taca Finalizada 2026	A	Suplente	8	0	0	0	640	65	60	60	true
InteriorSC Jogador 16	16	Medio	78	1.86	Direito	1994-04-16	Portugal	Guarda	Interior SC	Taca Finalizada 2026	A	Suplente	8	0	0	0	648	68	65	64	true
InteriorSC Jogador 17	17	Avancado	79	1.87	Direito	1995-05-17	Portugal	Guarda	Interior SC	Taca Finalizada 2026	A	Suplente	8	0	0	0	656	71	70	68	true
InteriorSC Jogador 18	18	Defesa	80	1.7	Esquerdo	1996-06-18	Portugal	Guarda	Interior SC	Taca Finalizada 2026	A	Suplente	8	0	0	0	664	74	75	72	true
InteriorSC Jogador 19	19	Medio	81	1.71	Direito	1997-07-19	Portugal	Guarda	Interior SC	Taca Finalizada 2026	A	Suplente	8	0	0	0	672	77	80	76	true
InteriorSC Jogador 20	20	Avancado	82	1.72	Direito	1998-08-20	Portugal	Guarda	Interior SC	Taca Finalizada 2026	A	Suplente	8	0	0	0	680	80	85	80	true
InteriorSC Jogador 21	21	Defesa	83	1.73	Esquerdo	1999-09-21	Portugal	Guarda	Interior SC	Taca Finalizada 2026	A	Suplente	8	0	0	1	688	83	55	84	true
InteriorSC Jogador 22	22	Medio	84	1.74	Direito	2000-10-22	Portugal	Guarda	Interior SC	Taca Finalizada 2026	A	Suplente	8	0	0	0	696	86	60	88	true
InteriorSC Jogador 23	23	Avancado	85	1.75	Direito	2001-11-23	Portugal	Guarda	Interior SC	Taca Finalizada 2026	A	Suplente	8	0	0	0	704	89	65	62	true
